<ImportExportXml xmlns:xsi="http://www.w3.org/2001/XMLSchema-instance" OrganizationVersion="9.2.24113.204" OrganizationSchemaType="Full" CRMServerServiceabilityVersion="9.2.24113.00204">
  <Entities></Entities>
  <Roles></Roles>
  <Workflows>
    <Workflow WorkflowId="{c2f54c86-80c7-ef11-b8e9-6045bd87d931}" Name="RecetaIA_FlowforPowerApps">
      <JsonFileName>/Workflows/RecetaIA_FlowforPowerApps-C2F54C86-80C7-EF11-B8E9-6045BD87D931.json</JsonFileName>
      <Type>1</Type>
      <Subprocess>0</Subprocess>
      <Category>5</Category>
      <Mode>0</Mode>
      <Scope>4</Scope>
      <OnDemand>0</OnDemand>
      <TriggerOnCreate>0</TriggerOnCreate>
      <TriggerOnDelete>0</TriggerOnDelete>
      <AsyncAutodelete>0</AsyncAutodelete>
      <SyncWorkflowLogOnFailure>0</SyncWorkflowLogOnFailure>
      <StateCode>0</StateCode>
      <StatusCode>1</StatusCode>
      <RunAs>1</RunAs>
      <IsTransacted>1</IsTransacted>
      <IntroducedVersion>1.0</IntroducedVersion>
      <IsCustomizable>1</IsCustomizable>
      <BusinessProcessType>0</BusinessProcessType>
      <IsCustomProcessingStepAllowedForOtherPublishers>1</IsCustomProcessingStepAllowedForOtherPublishers>
      <PrimaryEntity>none</PrimaryEntity>
      <LocalizedNames>
        <LocalizedName languagecode="3082" description="RecetaIA_FlowforPowerApps" />
      </LocalizedNames>
    </Workflow>
  </Workflows>
  <FieldSecurityProfiles></FieldSecurityProfiles>
  <Templates />
  <EntityMaps />
  <EntityRelationships />
  <OrganizationSettings />
  <optionsets />
  <CustomControls />
  <EntityDataProviders />
  <CanvasApps>
    <CanvasApp>
      <Name>cr306_recetas_fcb03</Name>
      <AppVersion>2024-12-31T11:10:47Z</AppVersion>
      <Status>Ready</Status>
      <CreatedByClientVersion>3.24122.12.0</CreatedByClientVersion>
      <MinClientVersion>3.24122.12.0</MinClientVersion>
      <Tags>{"primaryDeviceWidth":"640","primaryDeviceHeight":"1136","supportsPortrait":"true","supportsLandscape":"true","primaryFormFactor":"Phone","showStatusBar":"false","publisherVersion":"3.24122.12","minimumRequiredApiVersion":"2.2.0","hasComponent":"false","hasUnlockedComponent":"false","isUnifiedRootApp":"false","sienaVersion":"20241231T105513Z-3.24122.12.0"}</Tags>
      <IsCdsUpgraded>0</IsCdsUpgraded>
      <GalleryItemId xsi:nil="true"></GalleryItemId>
      <BackgroundColor>rgba(56, 96, 178, 1)</BackgroundColor>
      <DisplayName>Recetas 🎄🧑‍🎄✌️</DisplayName>
      <Description>PowerApps para recetas navideñas.

¡Hola! Esta es una Power App creada por César Hassen-Bey el 24 de diciembre de 2005. Contiene un flujo de Power Automate con diferentes APIs a servicios de IA basadas en ChatGPT y Dall-E, así como Azure Blob Storage. Esta aplicación es de carácter público y creada con fines formativos.  Agradeceré me menciones cuando hagas alguna mejora o su utilización.
Muchas gracias.
César Hassen-Bey 
Perfil: LinkedIN https://es.linkedin.com/in/cesarhassenbey


Hello! This is a Power App created by César Hassen-Bey on December 24, 2005. It contains a Power Automate flow with different APIs to AI services based on ChatGPT and Dall-E, as well as Azure Blob Storage. This application is public and created for training purposes. I will be grateful if you mention me when you make any improvements or its use.
Thank you so much.
César Hassen-Bey 
Profile: LinkedIN https://es.linkedin.com/in/cesarhassenbey</Description>
      <CommitMessage xsi:nil="true"></CommitMessage>
      <Publisher xsi:nil="true"></Publisher>
      <AuthorizationReferences>[]</AuthorizationReferences>
      <ConnectionReferences>{"cf452a72-6ecc-4b3e-a8a3-7ceb5a9db777":{"id":"/providers/microsoft.powerapps/apis/shared_logicflows","displayName":"Logic flows","iconUri":"https://connectoricons-prod.azureedge.net/releases/v1.0.1725/1.0.1725.4004/logicflows/icon.png","dataSources":["RecetaIA"],"dependencies":["a44fb7dd-1e4c-4ade-afa2-9ef107b4f405"],"dependents":[],"parameterHints":{"workflowName":{"value":"481c246b-7223-4fcd-a6b3-c675f9494a27"},"workflowEntityId":{"value":"a9e85f44-b4c2-ef11-b8e9-6045bd87d931"},"workflowDisplayName":{"value":"RecetaIA"},"a44fb7dd-1e4c-4ade-afa2-9ef107b4f405":{"value":"shared_azureblob"}},"parameterHintsV2":{"workflowName":{"value":"481c246b-7223-4fcd-a6b3-c675f9494a27"},"workflowEntityId":{"value":"a9e85f44-b4c2-ef11-b8e9-6045bd87d931"},"workflowDisplayName":{"value":"RecetaIA"},"shared_azureblob":{"value":"a44fb7dd-1e4c-4ade-afa2-9ef107b4f405"}},"isOnPremiseConnection":false,"bypassConsent":false,"dataSets":{},"apiTier":"Standard","actions":["Run"]},"a44fb7dd-1e4c-4ade-afa2-9ef107b4f405":{"id":"/providers/microsoft.powerapps/apis/shared_azureblob","xrmConnectionReferenceLogicalName":"new_sharedazureblob_ac184","displayName":"Azure Blob Storage","executionRestrictions":{"version":1,"modifiedOn":"2024-12-31 11:10:45","appVer":"3.24122.12","apiId":"unknown","apiVer":null,"policy":"{\"type\":\"unused\"}"},"iconUri":"https://connectoricons-prod.azureedge.net/releases/v1.0.1718/1.0.1718.3944/azureblob/icon.png","dataSources":[],"dependencies":[],"dependents":["cf452a72-6ecc-4b3e-a8a3-7ceb5a9db777"],"parameterHints":{},"parameterHintsV2":{},"isOnPremiseConnection":false,"sharedConnectionId":"033fca65-14e2-4cc9-a081-a4feb8e046ae","bypassConsent":false,"dataSets":{},"apiTier":"Premium","authenticationType":"keyBasedAuth"}}</ConnectionReferences>
      <DatabaseReferences>{}</DatabaseReferences>
      <AppComponents>[]</AppComponents>
      <AppComponentDependencies>[]</AppComponentDependencies>
      <CanConsumeAppPass>0</CanConsumeAppPass>
      <CanvasAppType>0</CanvasAppType>
      <BypassConsent>0</BypassConsent>
      <AdminControlBypassConsent>0</AdminControlBypassConsent>
      <EmbeddedApp xsi:nil="true"></EmbeddedApp>
      <IntroducedVersion>1.0</IntroducedVersion>
      <CdsDependencies>{"cdsdependencies":[{"dependencyid":"a9e85f44-b4c2-ef11-b8e9-6045bd87d931","componenttype":29,"componenttypeplatformname":"Workflow"},{"logicalname":"new_sharedazureblob_ac184","componenttype":10091,"componenttypeplatformname":"ConnectionReference"},{"dependencyid":"a2f1b39e-f0c5-ef11-b8e9-6045bd87d931","componenttype":161}]}</CdsDependencies>
      <IsCustomizable>1</IsCustomizable>
      <BackgroundImageUri>/CanvasApps/cr306_recetas_fcb03_BackgroundImageUri</BackgroundImageUri>
      <DocumentUri>/CanvasApps/cr306_recetas_fcb03_DocumentUri.msapp</DocumentUri>
      <AdditionalUris>
        <AdditionalUri>/CanvasApps/cr306_recetas_fcb03_AdditionalUris0_identity.json</AdditionalUri>
      </AdditionalUris>
    </CanvasApp>
  </CanvasApps>
  <Languages>
    <Language>3082</Language>
  </Languages>
</ImportExportXml>